time,user,hostname,pipeline,resize,detector_pre,detector_model,detector_post,extract_roi,landmark_pre,landmark_model,landmark_post,annotate,total,fps
2025-03-26 14:39:09.304191,root,maaxboardosm93,blaze_tflite,0.03728604399998403,0.01255929600000627,0.013913166000008914,0.02301241499998241,0.0,0.0,0.0,0.0,0.0,0.08677092099998163,11.52459820036037
2025-03-26 14:39:09.335789,root,maaxboardosm93,blaze_tflite,0.005088483999998061,0.0032492889999957697,0.00825879499998905,0.005361467000000175,0.0,0.0,0.0,0.0,0.0,0.021958034999983056,45.54141570503789
2025-03-26 14:39:09.454624,root,maaxboardosm93,blaze_tflite,0.0058715910000159965,0.0036640140000088195,0.012752884999997605,0.013400125000003982,0.04420638900000995,0.001046545999997761,0.021929610999990246,0.000618733000010252,0.007719246999982943,0.11120914100001755,8.992066578410512
2025-03-26 14:39:09.503290,root,maaxboardosm93,blaze_tflite,0.004920693999991954,0.010985831999988704,0.015172430000006898,0.0052077210000049945,0.0,0.0,0.0,0.0,0.0,0.03628667699999255,27.558323954552392
2025-03-26 14:40:10.976970,root,maaxboardosm93,blaze_tflite,0.005651833000001716,0.004182859999986022,0.008437904999993862,0.006172345999999607,0.009710243000000673,0.0009820520000118904,0.012828737999996065,0.0007229840000206877,0.0032596150000188118,0.051948576000029334,19.24980580794814
2025-03-26 14:40:11.030527,root,maaxboardosm93,blaze_tflite,0.005913861000010456,0.003243736000001718,0.007926394999998365,0.005556474000002254,0.008130534999992278,0.0004956729999889831,0.01218144499998175,0.0006086610000011206,0.003753664000015533,0.04781044399999246,20.91593209216291
2025-03-26 14:40:11.082667,root,maaxboardosm93,blaze_tflite,0.006468592999993916,0.0021027260000039405,0.007751517999992075,0.005499127999996745,0.008089815999994698,0.00046637299999474635,0.012398001999997632,0.0006621760000200538,0.0032722029999945335,0.04671053499998834,21.40844672406877
2025-03-26 14:40:11.139147,root,maaxboardosm93,blaze_tflite,0.00657170500002735,0.0021008490000156144,0.007919729000008147,0.007599435000003041,0.009138511999992716,0.0005864059999964866,0.012795899000025202,0.0006423379999773715,0.0033760640000082276,0.050730937000054155,19.711837768715615
2025-03-26 14:40:11.210552,root,maaxboardosm93,blaze_tflite,0.010396470999978646,0.002649370999989742,0.008724776000008205,0.007093550999996978,0.009260626999974875,0.000978301000003512,0.012496070000025838,0.0006099119999873892,0.003330175999991525,0.05553925499995671,18.005282930078543
2025-03-26 14:40:11.288444,root,maaxboardosm93,blaze_tflite,0.006017557000006946,0.002203086000008625,0.013165413999985276,0.00861199699997428,0.018148322000001826,0.000528806999994913,0.012754806000003782,0.0011109200000021247,0.004854247999986683,0.06739515699996446,14.837861420821786
2025-03-26 14:40:11.349396,root,maaxboardosm93,blaze_tflite,0.0061632209999800125,0.002181580000012673,0.008195301999990079,0.00822576799998842,0.008195385999982818,0.0004601640000032603,0.01240271199998233,0.0005854059999990113,0.00385210700000016,0.050261645999938764,19.895886418069523
2025-03-26 14:40:11.405561,root,maaxboardosm93,blaze_tflite,0.005402476999989858,0.002201375999987931,0.00788934600001312,0.0054619920000220645,0.007175948000025301,0.00047733500002777873,0.012914096999992353,0.0005497719999993933,0.0030360979999954907,0.04510844100005329,22.168799848321484
2025-03-26 14:40:11.460684,root,maaxboardosm93,blaze_tflite,0.004609141000003092,0.0020570880000150282,0.00778690300001017,0.0064254990000165435,0.00836797299999148,0.0004399510000041573,0.012272302999974727,0.0007597430000032546,0.003680436999985659,0.04639903800000411,21.552170973887677
2025-03-26 14:40:11.509309,root,maaxboardosm93,blaze_tflite,0.005144158999996762,0.002034374000004391,0.00797291000000655,0.005746068999997078,0.0073227790000203186,0.0004428670000038437,0.01192612699998108,0.000549688000006654,0.003051227000014478,0.044190200000031155,22.62945177888525
2025-03-26 14:40:11.558845,root,maaxboardosm93,blaze_tflite,0.00474630300001877,0.0025646400000027825,0.007922604999976102,0.005406477999997605,0.007427597999992486,0.0004376170000170987,0.011854067000001578,0.0005710679999992863,0.003010799999998426,0.043941176000004134,22.757697700214166
2025-03-26 14:40:11.610312,root,maaxboardosm93,blaze_tflite,0.00539014000000293,0.002485618999997996,0.00863550200000418,0.00563003799999251,0.008230519999983699,0.0004637899999977435,0.011986434000021973,0.0005876559999933306,0.003358391999995547,0.04676809099998991,21.382100030557496
2025-03-26 14:40:11.661577,root,maaxboardosm93,blaze_tflite,0.004725755000009713,0.0026986759999942933,0.008170211999981802,0.006969976999982919,0.0073338649999925565,0.000473376000030612,0.012053119000000834,0.0005626490000167905,0.0030116340000176933,0.04599926300002721,21.739478739026936
2025-03-26 14:40:11.713000,root,maaxboardosm93,blaze_tflite,0.0053216639999789095,0.0035290630000019974,0.007835414999988188,0.005664629999984072,0.00717007099999023,0.000495883000013464,0.01216848300001061,0.0010056839999776912,0.0029618290000144043,0.04615272199995957,21.667194407317428
2025-03-26 14:40:11.761128,root,maaxboardosm93,blaze_tflite,0.004724464000020134,0.002442483000010043,0.007865755999972635,0.005414896999980101,0.006881953999993584,0.0005056759999888527,0.012163231000016594,0.0005583569999885185,0.0030122160000018994,0.04356903399997236,22.95208105831849
2025-03-26 14:40:11.812032,root,maaxboardosm93,blaze_tflite,0.004770559000007779,0.0027093870000101106,0.007841666000018677,0.006125752000002649,0.008683307000012519,0.000447742999995171,0.011977890999986585,0.0007024370000010549,0.002934405000019069,0.046193147000053614,21.648232799528454
2025-03-26 14:40:11.860914,root,maaxboardosm93,blaze_tflite,0.004964610999991237,0.00238459199999852,0.00777335699999071,0.005918113999996422,0.007437058999983037,0.0004651650000084828,0.011934588000002577,0.0005666090000033819,0.0029397400000164,0.04438383499999077,22.530725431910245
2025-03-26 14:40:11.920616,root,maaxboardosm93,blaze_tflite,0.0062305300000105035,0.002805329000011625,0.014717869000008932,0.006482139000013376,0.0082425649999891,0.0007045620000099007,0.012190696999994088,0.0005650660000071639,0.003084194000024354,0.05502295100006904,18.174234239067715
2025-03-26 14:40:11.970021,root,maaxboardosm93,blaze_tflite,0.005036213000011003,0.002200876999978618,0.007801865000004682,0.006041896999988694,0.007700129999989258,0.00044741000002090914,0.012101798000003328,0.0005603989999940495,0.0029662049999785722,0.04485679399996911,22.293167006110348
2025-03-26 14:40:12.018653,root,maaxboardosm93,blaze_tflite,0.004720961999993278,0.0023652540000114186,0.007959115000005568,0.005357672999991792,0.006952889000018558,0.00046049700000594385,0.011977144000013595,0.0005874059999939618,0.0030258460000140985,0.043406786000048214,23.03787246535344
2025-03-26 14:40:12.068177,root,maaxboardosm93,blaze_tflite,0.005162455999993654,0.0021115609999924345,0.007908436999997548,0.005446116000001666,0.007044624000002386,0.0004702919999886035,0.011931132000000844,0.0006453799999803778,0.0028963119999900755,0.04361630999994759,22.927203149491593
2025-03-26 14:40:12.117797,root,maaxboardosm93,blaze_tflite,0.005250188000019307,0.002373922999993283,0.007755979999984675,0.005622912000006863,0.0071458179999979166,0.0005258890000163774,0.012180947999979708,0.0005590239999833102,0.00294165799999746,0.0443563399999789,22.544691469144563
2025-03-26 14:40:12.167896,root,maaxboardosm93,blaze_tflite,0.004732425000014473,0.0024441920000128903,0.00787138599997661,0.005274193999980525,0.0073246979999908035,0.0004479939999839644,0.012442642999985765,0.0009997239999961494,0.0031419190000008257,0.044679174999942006,22.38179196463001
2025-03-26 14:40:12.221880,root,maaxboardosm93,blaze_tflite,0.005030379999993784,0.0020558390000076088,0.007865968000004386,0.005468288000002985,0.007752436999993506,0.0004608719999907862,0.011954930000001696,0.0005873229999906471,0.002951285000023063,0.04412732200000846,22.661696986728728
2025-03-26 14:40:12.273029,root,maaxboardosm93,blaze_tflite,0.004820699000021023,0.0025655160000042088,0.008164172000022063,0.0068625340000210144,0.007053167999998777,0.0004521200000056069,0.012070835999992369,0.0006472550000182764,0.002955745000008392,0.04559204500009173,21.933650925243384
2025-03-26 14:40:12.322040,root,maaxboardosm93,blaze_tflite,0.00623132399999804,0.0021145210000099723,0.007890099000007922,0.005365427000015188,0.006954016000008778,0.00045870499999978165,0.011997982999986334,0.0005741949999844564,0.0029866270000127315,0.044572897000023204,22.435158298090418
2025-03-26 14:40:12.373972,root,maaxboardosm93,blaze_tflite,0.00585905799999864,0.0021306499999980133,0.007990543000005346,0.005643668000004709,0.007349871999991819,0.0005614420000199516,0.012248632999984466,0.0006759299999998802,0.0031220390000044063,0.04558183500000723,21.938563903797235
2025-03-26 14:40:12.424169,root,maaxboardosm93,blaze_tflite,0.005221930999994129,0.0023476659999914773,0.008003670999983115,0.005482083000003968,0.0070181589999833704,0.00044791100003749307,0.012387669999981199,0.0006084540000017569,0.003445499999997992,0.0449630449999745,22.240486604067122
2025-03-26 14:40:12.473730,root,maaxboardosm93,blaze_tflite,0.004816615000009961,0.0021016010000209917,0.007776568999986466,0.005324666999996452,0.007820621999997002,0.0005038000000183729,0.012174447000006694,0.0005463120000115396,0.0037335349999807477,0.04479816800002823,22.3223413957323
2025-03-26 14:40:12.523378,root,maaxboardosm93,blaze_tflite,0.0047731450000014775,0.002178455000006352,0.008169213999991598,0.006481725000014649,0.006962477000001854,0.0004578720000267822,0.011911334999979317,0.0005727770000021337,0.00297608300002139,0.044483083000045553,22.48045622195242
2025-03-26 14:40:12.574487,root,maaxboardosm93,blaze_tflite,0.004697333000024173,0.002510459000006904,0.007872302000009768,0.006335685999999896,0.008245485000003328,0.0004504529999849183,0.012002067000025818,0.0005643169999984821,0.003726699999987204,0.04640480200004049,21.549493951059794
2025-03-26 14:40:12.627385,root,maaxboardosm93,blaze_tflite,0.007002696000000697,0.002048253999987537,0.007866925999991281,0.005864809999991394,0.008411862999992081,0.00044703599999706967,0.012111263000008421,0.0005841560000021673,0.0031405439999900864,0.047477547999960734,21.062587309707464
2025-03-26 14:40:12.680409,root,maaxboardosm93,blaze_tflite,0.006744668999999703,0.002100017000003618,0.008254736999987244,0.006674191999991308,0.007894515999993246,0.0004496189999940725,0.01198585500000604,0.0005560230000014599,0.0029046059999870977,0.04756423399996379,21.024200663060427
2025-03-26 14:40:12.730917,root,maaxboardosm93,blaze_tflite,0.006004264000011972,0.0020739270000262877,0.008032387000014296,0.005911738999998306,0.007889973999994027,0.00044336799999200593,0.011906958999986728,0.0005764029999966169,0.003023638000001938,0.04586265900002218,21.80423075773946
2025-03-26 14:40:12.779946,root,maaxboardosm93,blaze_tflite,0.005010999000006677,0.002230926999999383,0.007796948999981623,0.005456409999993639,0.007450897999973449,0.000581320999970103,0.012079045999996652,0.0006743459999825063,0.002894852999986597,0.04417574899989063,22.636854442524015
2025-03-26 14:40:12.836548,root,maaxboardosm93,blaze_tflite,0.004993662000003951,0.002135652000021082,0.013840348000002223,0.006375613000017211,0.007872677999984035,0.0004820039999913206,0.01230268899999487,0.0007343199999922945,0.0030069660000151543,0.05174393200002214,19.325937580460103
2025-03-26 14:40:12.890832,root,maaxboardosm93,blaze_tflite,0.006630806000003986,0.0022345109999832857,0.00824177600000553,0.005935077999993155,0.00802901099999076,0.0006362520000209315,0.0127761489999898,0.0005999100000053659,0.0033495989999892117,0.048433091999982025,20.647040250917104
2025-03-26 14:40:12.945482,root,maaxboardosm93,blaze_tflite,0.005722813999994969,0.0021660759999804213,0.00860466399998927,0.005474247999984527,0.007350580000007767,0.00045020399997497407,0.012157107999996697,0.0006079540000030192,0.0030353909999973894,0.045569038999929035,21.94472435553353
2025-03-26 14:40:12.995961,root,maaxboardosm93,blaze_tflite,0.005522552999991603,0.0023195750000013504,0.008064812000014854,0.0054636200000004465,0.0077631069999881674,0.0004444510000212176,0.011874116999990747,0.0005563149999829875,0.0031542139999771734,0.04516276399996855,22.142134613388507
2025-03-26 14:40:13.045653,root,maaxboardosm93,blaze_tflite,0.005083101999986184,0.002174746000008554,0.00803830700002095,0.00568738999999141,0.007861510999987331,0.0004513699999790788,0.012250679000004538,0.0005804879999971035,0.003148213999992322,0.04527580699996747,22.086850931242783
2025-03-26 14:40:13.095553,root,maaxboardosm93,blaze_tflite,0.005395353999972485,0.002263602999988734,0.008199308999991217,0.005485544000009668,0.007802827999995543,0.00044636899997385626,0.011894127000005028,0.0005593570000144155,0.00298692100000153,0.04503341199995248,22.205734710953177
2025-03-26 14:40:13.145805,root,maaxboardosm93,blaze_tflite,0.004947110000017574,0.002519462999998723,0.008041641000005484,0.005674427999991849,0.007617029000016373,0.0004815450000137389,0.012532336999981908,0.0005810709999991559,0.0031456289999880482,0.045540253000012854,21.958595618687443
2025-03-26 14:40:13.195470,root,maaxboardosm93,blaze_tflite,0.0051723779999974795,0.002286609000009321,0.008086820000016814,0.005448035000000573,0.007735309999986839,0.0004467020000049615,0.011959436000012147,0.000558232000003045,0.0032955860000072335,0.044989108000038414,22.227602289850825
2025-03-26 14:40:13.249082,root,maaxboardosm93,blaze_tflite,0.004833370000000059,0.002832755000014231,0.008025638000020763,0.007837170999977161,0.009038491000012527,0.0006785550000074636,0.012100973000002568,0.000575695000009091,0.003132584000013594,0.04905523200005746,20.385185417099418
2025-03-26 14:40:13.299746,root,maaxboardosm93,blaze_tflite,0.004826160000021673,0.0021562819999871863,0.008049685999992562,0.0058522669999945265,0.008350140999993982,0.0005048430000158532,0.012244761000005155,0.0006154559999913545,0.0031768879999845012,0.045776483999986795,21.845277588385525
2025-03-26 14:40:13.349898,root,maaxboardosm93,blaze_tflite,0.005073600999992323,0.002061507000007623,0.007989127999991297,0.0058424730000012914,0.00827370300001462,0.0004498270000112825,0.01208184200001483,0.0005749450000109846,0.003119164000025876,0.04546619000007013,21.994365483416527
2025-03-26 14:40:13.400423,root,maaxboardosm93,blaze_tflite,0.005073059000011426,0.0023291620000236435,0.008074733999990258,0.005393602999987479,0.00817696900000442,0.00044807700001570083,0.012106891000001951,0.0007613280000100531,0.003002008000009937,0.04536583100005487,22.043021762321306
2025-03-26 14:40:13.450038,root,maaxboardosm93,blaze_tflite,0.005147536999999147,0.0021520729999906507,0.007917316999993318,0.005641793999984657,0.007994671000005837,0.0004536210000196661,0.01209738800000082,0.000575695000009091,0.0031920170000034886,0.045172113000006675,22.137551989207417
2025-03-26 14:40:13.503824,root,maaxboardosm93,blaze_tflite,0.005934289000009585,0.0028153739999936533,0.008045933999994759,0.005408106999993834,0.008299253000018325,0.00045737199999962286,0.012422141999991254,0.0005587739999839414,0.0029760010000075,0.046917245999992474,21.314124021690454
2025-03-26 14:40:13.554834,root,maaxboardosm93,blaze_tflite,0.005483252000004768,0.0020485040000153276,0.007943616000005704,0.005832136000009314,0.007995837999999367,0.0004509530000120776,0.012397343999992927,0.0005936990000066089,0.0036734779999960665,0.04641882000004216,21.542986228411056
2025-03-26 14:40:13.607598,root,maaxboardosm93,blaze_tflite,0.006387867999990249,0.0021146879999776047,0.008013091999998778,0.007199458999991748,0.007061006000014913,0.00044807800000512543,0.012037789000004295,0.0005592320000005202,0.0032359029999895483,0.04705711499997278,21.250771535836364
2025-03-26 14:40:13.659619,root,maaxboardosm93,blaze_tflite,0.005490170000001626,0.002045170000002372,0.008001339999992751,0.006900588000007701,0.00860729199999355,0.0004448690000060651,0.011935469999997395,0.0005841970000233232,0.0029527859999802786,0.04696188200000506,21.29386552267842
2025-03-26 14:40:13.710103,root,maaxboardosm93,blaze_tflite,0.005420109999988654,0.002111062000011543,0.008168675000007397,0.005927036999992197,0.007581727999991017,0.0004525370000010298,0.012502413000021306,0.0005614830000126858,0.0032107300000063788,0.04593577500003221,21.76952495085364
2025-03-26 14:40:13.764839,root,maaxboardosm93,blaze_tflite,0.004902514000008296,0.0023727569999891784,0.008035890000002155,0.005516010999997434,0.007648453000001609,0.00045712299998967865,0.013862316999990298,0.0005918660000077125,0.0044824849999827165,0.04786941599996908,20.89016502730357
2025-03-26 14:40:13.819211,root,maaxboardosm93,blaze_tflite,0.0059955970000089565,0.002466448000006949,0.007763026000020545,0.0053033709999965595,0.00856536399999186,0.000492589000003818,0.014675659000005226,0.0005813629999806835,0.0032585350000147173,0.049101952000029314,20.365789123809233
2025-03-26 14:40:13.870222,root,maaxboardosm93,blaze_tflite,0.005962338000017553,0.0020537970000020778,0.008033347999997886,0.006039567000016177,0.008078025999992633,0.0004514130000075056,0.012054001999985076,0.00056910899999707,0.003245655999990049,0.04648725600000603,21.511271820386007
2025-03-26 14:40:13.923477,root,maaxboardosm93,blaze_tflite,0.004811740000008058,0.00232828699998322,0.008101866000004065,0.007453693000002204,0.00987017100001708,0.00044745300002091426,0.01192884299999264,0.0005585239999845726,0.003135709999980918,0.04863628699999367,20.560780061194436
2025-03-26 14:40:13.978406,root,maaxboardosm93,blaze_tflite,0.005988177999995514,0.0021362349999947128,0.007813913999996203,0.005580652999981339,0.009097923000012997,0.0005446459999802755,0.011968313000011221,0.000565983999990749,0.003942174999991721,0.04763802099995473,20.99163607155197
2025-03-26 14:40:14.030918,root,maaxboardosm93,blaze_tflite,0.006498647000000801,0.0020837210000195228,0.008009007999987716,0.005891528000006474,0.00901194500002589,0.0004495789999907629,0.011986446000008755,0.0005609000000106334,0.0029643739999869467,0.0474561480000375,21.07208532810564
2025-03-26 14:40:14.084155,root,maaxboardosm93,blaze_tflite,0.004722300999986828,0.002546596000001955,0.007807872999990195,0.00643534100001375,0.009199244999990697,0.0004989250000164702,0.0126664609999807,0.0005887400000119669,0.0031917679999935444,0.04765724999998611,20.983166254878146
2025-03-26 14:40:14.137425,root,maaxboardosm93,blaze_tflite,0.006191192000017054,0.002359378999983619,0.008031099999982416,0.00538360199999488,0.00920866399999909,0.00044920300001649593,0.012542594999985113,0.0005441449999921133,0.003003718000002209,0.04771359799997299,20.958385909202782
2025-03-26 14:40:14.189867,root,maaxboardosm93,blaze_tflite,0.006188067000010733,0.0022729810000043926,0.008037142999995694,0.005402981999992562,0.00974030500000822,0.0004547460000026149,0.01211298000001193,0.0005834890000073756,0.003146631000021216,0.04793932400005474,20.85970173461057
2025-03-26 14:40:14.240551,root,maaxboardosm93,blaze_tflite,0.004769646999989163,0.0023178270000130397,0.00800296700001013,0.005842432999997982,0.008566325999993296,0.00045332999999914136,0.01205642299998999,0.00074415599999611,0.002976960000012241,0.045730069000001095,21.867450057859656
2025-03-26 14:40:14.289351,root,maaxboardosm93,blaze_tflite,0.004884927000006201,0.002105978000003006,0.00783654800000022,0.005745574000002307,0.006098584999989498,0.000448871000003237,0.012166910999980018,0.0007951710000213552,0.0028943959999878643,0.04297696099999371,23.268280881939194
2025-03-26 14:40:14.338568,root,maaxboardosm93,blaze_tflite,0.005186925000003839,0.0023707990000048085,0.008145713999994086,0.0060535310000204845,0.0064569720000235975,0.0004521200000056069,0.012359545999999,0.0005553980000172487,0.003103994000014154,0.044684999000082826,22.378874843393113
2025-03-26 14:40:14.387135,root,maaxboardosm93,blaze_tflite,0.004975326000021596,0.00229990500000099,0.008087782000018251,0.005392812999986063,0.0062357879999979104,0.00044453500001395696,0.012140488000000005,0.0005814879999945788,0.002992923000022074,0.043151048000055425,23.17440818583863
2025-03-26 14:40:14.437802,root,maaxboardosm93,blaze_tflite,0.004799321999996664,0.0026817570000048363,0.008004510000006348,0.008077028999991853,0.006479020000000446,0.00044795299999123017,0.012044211000016958,0.0005497299999888128,0.0030831969999951525,0.0461667289999923,21.660620573750563
2025-03-26 14:40:14.486266,root,maaxboardosm93,blaze_tflite,0.0051231999999856725,0.002235013000017716,0.00832809600001383,0.005620664999980818,0.006407082999999147,0.0004462020000062239,0.012052213999993455,0.0005801129999838395,0.0030138869999802864,0.04380647299996099,22.827676631279825
2025-03-26 14:40:14.535573,root,maaxboardosm93,blaze_tflite,0.005731237000020428,0.0023844690000203173,0.008197894999995015,0.0058039650000125675,0.006232786999987638,0.00046462299997074297,0.011897589000000153,0.0005585650000057285,0.0029649149999784186,0.04423604499999101,22.605999247903
2025-03-26 14:40:14.612570,root,maaxboardosm93,blaze_tflite,0.00491164300001401,0.0026965529999927185,0.008130709999988994,0.006272922999983166,0.015707937999991373,0.000972217999986924,0.024838623000022153,0.0013851610000301662,0.005745781999991095,0.0706615510000006,14.151967878542484
2025-03-26 14:40:14.702429,root,maaxboardosm93,blaze_tflite,0.005197427000013022,0.0022513920000051257,0.00920216200000823,0.0174505280000119,0.016482519999982514,0.0011232160000247404,0.025086232000006703,0.0013677399999778572,0.0058382649999941805,0.08399948200002427,11.904835317909592
2025-03-26 14:40:14.783935,root,maaxboardosm93,blaze_tflite,0.009778691000008166,0.0022405150000111007,0.008412617999994154,0.007121856999987131,0.015716648999983818,0.0009946819999981926,0.024353453000003356,0.0013386070000080963,0.005557565000003706,0.07551463699999772,13.242465828181498
2025-03-26 14:40:14.835495,root,maaxboardosm93,blaze_tflite,0.004879926000000978,0.0026697539999815945,0.007978127000001223,0.005920871000000716,0.008668894999999566,0.0005148870000084571,0.012725893000009592,0.0005627750000201104,0.003144838999986632,0.04706596700000887,21.246774766144963
2025-03-26 14:40:14.883394,root,maaxboardosm93,blaze_tflite,0.00484954299997753,0.0025388849999785634,0.007981878999999026,0.005404774999988149,0.006325936999985515,0.0004394500000159951,0.012032791999985193,0.0005856980000089607,0.003124374999998736,0.04328333399993767,23.103580699246507
2025-03-26 14:40:14.963704,root,maaxboardosm93,blaze_tflite,0.005374058000001014,0.0032322789999739143,0.008012511000003997,0.009479527999985748,0.014435600000012982,0.0011819820000198433,0.024095133999992413,0.0011046689999716364,0.005436825000003864,0.07235258599996541,13.82120605890269
2025-03-26 14:40:15.041272,root,maaxboardosm93,blaze_tflite,0.005991889999990008,0.002238263999998935,0.007884768999986136,0.006314099999997325,0.01748570600000221,0.0009703000000058637,0.02500680099998931,0.0011233000000174798,0.005696188000001712,0.07271131799998898,13.75301710251149
2025-03-26 14:40:15.091838,root,maaxboardosm93,blaze_tflite,0.004787652999993952,0.002459657000002835,0.008020932999983188,0.0060411549999912495,0.007748984999977893,0.00044586900000354035,0.011997578000006115,0.0005552320000106192,0.002933699999999817,0.04499076199996921,22.226785134261217
2025-03-26 14:40:15.146243,root,maaxboardosm93,blaze_tflite,0.008528276999982154,0.002354586999985031,0.00840382699999509,0.006038278999994873,0.007908153000016682,0.00045037099999944985,0.0119205570000247,0.0005636919999858492,0.0029867140000021664,0.049154456999985996,20.344035129922904
2025-03-26 14:40:15.194964,root,maaxboardosm93,blaze_tflite,0.00480720000001611,0.0021052710000049046,0.007764780999991672,0.00540485900000931,0.007709183000002895,0.00046908399997391825,0.01236296700000139,0.0005855730000234871,0.003153174999994235,0.04436209300001792,22.541767810630486
2025-03-26 14:40:15.243840,root,maaxboardosm93,blaze_tflite,0.004760312999991356,0.002408435000006648,0.00777924399997687,0.005347760999995899,0.007973129000021117,0.0004521209999950315,0.011974780000002738,0.0006256259999872782,0.0028631389999986823,0.04418454799997562,22.632346493632838
2025-03-26 14:40:15.302878,root,maaxboardosm93,blaze_tflite,0.004831747999986646,0.002372050000019499,0.00889925100000255,0.008193521000009696,0.01233841899997401,0.0005486049999774423,0.012493336000005684,0.0006011609999916345,0.003064819000002217,0.05334290999996938,18.74663380757769
2025-03-26 14:40:15.354015,root,maaxboardosm93,blaze_tflite,0.005649800000014693,0.002210299000012128,0.008298548999988498,0.005483171999998149,0.008858949000000393,0.00044520200000874866,0.01208314299998392,0.0005553560000066682,0.0030766140000082487,0.04666108400002145,21.431135204650204
2025-03-26 14:40:15.404083,root,maaxboardosm93,blaze_tflite,0.00494206899998062,0.0022206760000074155,0.007994550999995909,0.006095294000004969,0.006988158000012845,0.0004707080000230235,0.012250520000009146,0.0006441719999941142,0.0028229620000104205,0.04442911000003846,22.507765741855604
2025-03-26 14:40:15.456526,root,maaxboardosm93,blaze_tflite,0.005527892000003476,0.002182374000000209,0.007890732000021217,0.005687685000026477,0.007904485000011618,0.0004642490000037469,0.012085768000019925,0.00058794800000328,0.004030908999993699,0.04636204200008365,21.569369183484106
2025-03-26 14:40:15.538302,root,maaxboardosm93,blaze_tflite,0.005910327999998799,0.002106437999998434,0.008814978000003748,0.0068679590000044755,0.020189348999991807,0.0010123949999751858,0.024040417999998454,0.0012144500000204062,0.006045198000009577,0.07620151300000089,13.12309901248271
2025-03-26 14:40:15.591246,root,maaxboardosm93,blaze_tflite,0.0054612080000140395,0.0022091310000007525,0.007870934000010266,0.0053654740000013135,0.010734407000001056,0.0004979240000011487,0.011978572999993276,0.0005749860000037188,0.0030354769999973996,0.04772811400002297,20.952011638245725
2025-03-26 14:40:15.639564,root,maaxboardosm93,blaze_tflite,0.0047183020000147735,0.0023199110000007295,0.00787293499999464,0.005413903999993863,0.006958525000015925,0.00044520300002659496,0.011989618000001201,0.0005747779999865088,0.00284726000001001,0.04314043600004425,23.180108796280464
2025-03-26 14:40:15.687918,root,maaxboardosm93,blaze_tflite,0.004988706000006005,0.0020492140000101244,0.007790830000004689,0.005279076000022087,0.006802483000001303,0.0004551639999874624,0.012536514000004217,0.0005982429999846772,0.0030262669999956415,0.04352649700001621,22.974511364873393
2025-03-26 14:40:15.746053,root,maaxboardosm93,blaze_tflite,0.004895806999996921,0.0022210099999995236,0.007792497000025378,0.007463201000007302,0.011344196000010243,0.0006072030000154882,0.012539430999993328,0.000547646000001123,0.003130085999998755,0.05054107700004806,19.785886240592955
2025-03-26 14:40:15.798276,root,maaxboardosm93,blaze_tflite,0.005679641000000402,0.0024263980000114316,0.00825991400000703,0.006134555000016917,0.008774842999997645,0.00044766100000970255,0.012124696000000768,0.0005900740000015503,0.003135963000005404,0.04757374500005085,21.019997479679834
2025-03-26 14:40:15.849918,root,maaxboardosm93,blaze_tflite,0.004741473999985146,0.0035553250000077696,0.008019224999998187,0.005444578999998839,0.008337308999983861,0.0006016190000082133,0.012639833000008593,0.0005534809999971912,0.003080448000019942,0.04697329300000774,21.288692704593547
2025-03-26 14:40:15.899821,root,maaxboardosm93,blaze_tflite,0.004917313000021295,0.0024469040000099085,0.008118209000002707,0.005398608999996668,0.008213692999987643,0.00043907599999215563,0.011975946999996268,0.0005600249999986318,0.003054731999981186,0.04512450799998646,22.160906441357763
2025-03-26 14:40:15.955391,root,maaxboardosm93,blaze_tflite,0.006966402000017524,0.002716934000005722,0.007962583999983508,0.005464334000009785,0.009306692999984989,0.0006011190000094757,0.012263023999992129,0.000580072000019527,0.0031342540000025565,0.048995416000025216,20.410072648418485
2025-03-26 14:40:16.032256,root,maaxboardosm93,blaze_tflite,0.00538793799998416,0.002069176999981437,0.00807557299998507,0.006747801999978265,0.015450832999988506,0.0014862310000296475,0.024781080000025213,0.0011273850000179664,0.005617002000008142,0.07074302099999841,14.135670004819593
2025-03-26 14:40:16.107752,root,maaxboardosm93,blaze_tflite,0.005524852000007741,0.0021213170000180526,0.007933787000013126,0.006808444999990115,0.016181241999987606,0.0010084790000064459,0.024194175999980416,0.0012806350000005295,0.005520058000001882,0.07057299100000591,14.16972677266741
2025-03-26 14:40:16.158598,root,maaxboardosm93,blaze_tflite,0.005399568000001409,0.0020700950000218654,0.007786956999979111,0.005453165999995235,0.008741503999999622,0.00046183199998495184,0.011998498999986396,0.0005554399999994075,0.003006386999999222,0.04547344799996722,21.990854971031027
2025-03-26 14:40:16.233227,root,maaxboardosm93,blaze_tflite,0.006226873000002797,0.002051547999997183,0.00859796500000698,0.007378806000019722,0.013298512999995182,0.0010402369999837902,0.024486921000004713,0.0012613789999988967,0.00555002499999091,0.06989226700000017,14.307734502301914
2025-03-26 14:40:16.283917,root,maaxboardosm93,blaze_tflite,0.006241334999998571,0.0021892930000149136,0.007833009999984597,0.005328340999994907,0.006911181000020861,0.0004432860000065375,0.012303373000008833,0.0005949509999823022,0.003003468999992265,0.04484823900000379,22.297419526325562
2025-03-26 14:40:16.337943,root,maaxboardosm93,blaze_tflite,0.005968095999975276,0.0020768059999909383,0.007955792999979394,0.006202825000002576,0.008302094000015359,0.0006447969999783254,0.012900407000017822,0.0006949769999948785,0.003141798999990897,0.047887593999945466,20.88223517767752
2025-03-26 14:40:16.427636,root,maaxboardosm93,blaze_tflite,0.005730990000017755,0.002219426999999996,0.008351857000008067,0.007940663999988828,0.02080643599998666,0.0011400970000181587,0.02535481900000036,0.00134098399999516,0.005788631000001487,0.07867390500001648,12.710694861273133
2025-03-26 14:40:16.498621,root,maaxboardosm93,blaze_tflite,0.006072081000013441,0.002280775999992102,0.017162003999999342,0.006151893999998492,0.008154930000017657,0.000527140000002646,0.012832637999991903,0.000556274000018675,0.0032502859999965494,0.05698802300003081,17.547546788900878
2025-03-26 14:40:16.560205,root,maaxboardosm93,blaze_tflite,0.005570656000003282,0.0025558920000037233,0.009072425999988809,0.009340830000013511,0.006626229999994848,0.0005836139999928491,0.01372145899998145,0.0005666509999855407,0.002955957000011722,0.05099371499997574,19.61025981340006
2025-03-26 14:40:16.616144,root,maaxboardosm93,blaze_tflite,0.0048134529999970255,0.0021138979999761887,0.00795041699998933,0.005512099000014814,0.008932053999984646,0.0004906730000016069,0.012967132999989417,0.0005743619999805105,0.003124960000008059,0.0464790489999416,21.515070155614772
2025-03-26 14:40:16.668062,root,maaxboardosm93,blaze_tflite,0.006304811000006794,0.0021101890000068124,0.007800751999980093,0.005527561000008063,0.007531305000014754,0.000458997000009731,0.013450179000017215,0.0005615669999770034,0.0030065119999846956,0.04675187300000516,21.38951737826396
2025-03-26 14:40:16.691477,root,maaxboardosm93,blaze_tflite,0.00498887500000933,0.0020239989999879526,0.007961794999999938,0.004524541999984422,0.0,0.0,0.0,0.0,0.0,0.019499210999981642,51.284126316748996
2025-03-26 14:40:16.769568,root,maaxboardosm93,blaze_tflite,0.004606897999991588,0.002175997999984247,0.008263876000000892,0.007284029999993891,0.019454075999988163,0.0010163120000186154,0.02388605099997676,0.0011342619999936687,0.005495676999998977,0.0733171799999468,13.639368017164948
2025-03-26 14:40:16.792658,root,maaxboardosm93,blaze_tflite,0.004773275999980342,0.002132861999996294,0.007788872999981322,0.004424600000021428,0.0,0.0,0.0,0.0,0.0,0.019119610999979386,52.302319330716415
2025-03-26 14:40:16.816945,root,maaxboardosm93,blaze_tflite,0.004657911999998987,0.002104771000006167,0.009213713000008283,0.004657495000003564,0.0,0.0,0.0,0.0,0.0,0.020633891000017,48.46395670109801
2025-03-26 14:40:16.840900,root,maaxboardosm93,blaze_tflite,0.005408863000013753,0.002085808000003908,0.008204401000000416,0.004460983999990731,0.0,0.0,0.0,0.0,0.0,0.020160056000008808,49.60303681693955
2025-03-26 14:40:16.864023,root,maaxboardosm93,blaze_tflite,0.00473184799997739,0.0020854320000012194,0.0081530129999976,0.004551883000004864,0.0,0.0,0.0,0.0,0.0,0.019522175999981073,51.22379800289524
2025-03-26 14:40:16.886994,root,maaxboardosm93,blaze_tflite,0.004655452999998033,0.0020872240000073816,0.007820714999979828,0.0044195149999950445,0.0,0.0,0.0,0.0,0.0,0.018982906999980287,52.678970612932915
2025-03-26 14:40:16.910058,root,maaxboardosm93,blaze_tflite,0.004708633999996437,0.0022220519999791577,0.007869937000009486,0.00448469900001669,0.0,0.0,0.0,0.0,0.0,0.01928532200000177,51.852906578376455
2025-03-26 14:40:16.943742,root,maaxboardosm93,blaze_tflite,0.004544756000001371,0.0021138150000012956,0.007897151999998187,0.004486533000005011,0.0,0.0,0.0,0.0,0.0,0.019042256000005864,52.514786063147774
2025-03-26 14:40:16.986823,root,maaxboardosm93,blaze_tflite,0.004793406999993977,0.00219104399999992,0.007897361000004821,0.004662330000002157,0.0,0.0,0.0,0.0,0.0,0.019544142000000875,51.166226688281085
2025-03-26 14:40:17.027707,root,maaxboardosm93,blaze_tflite,0.004616860000027145,0.0020783479999977317,0.007839515000000574,0.004481658000003108,0.0,0.0,0.0,0.0,0.0,0.01901638100002856,52.58624130419443
2025-03-26 14:40:17.067703,root,maaxboardosm93,blaze_tflite,0.00463228100002766,0.002091934999981504,0.007846558000011328,0.004542466000003742,0.0,0.0,0.0,0.0,0.0,0.019113240000024234,52.31975321812168
2025-03-26 14:40:17.107925,root,maaxboardosm93,blaze_tflite,0.00468717100000049,0.002093392999995558,0.007774206000021877,0.004443648000005851,0.0,0.0,0.0,0.0,0.0,0.018998418000023776,52.635961583682835
2025-03-26 14:40:17.178762,root,maaxboardosm93,blaze_tflite,0.004610693000017818,0.0020944359999930384,0.007855978000009145,0.0052400689999956285,0.009635661999993772,0.0004615399999750025,0.01204618299999538,0.0005811979999919004,0.0029522070000211897,0.045477965999992875,21.9886702936573
2025-03-26 14:40:17.229082,root,maaxboardosm93,blaze_tflite,0.004965078999987327,0.00223618100000067,0.008357319999987567,0.0053758969999933015,0.00843921699998873,0.0006786820000286298,0.012067147000010436,0.000576237999979412,0.002985966000011331,0.045681726999987404,21.890590957742813
2025-03-26 14:40:17.255898,root,maaxboardosm93,blaze_tflite,0.004902270000002318,0.0027009719999853132,0.009283233999980212,0.005855691999983037,0.0,0.0,0.0,0.0,0.0,0.02274216799995088,43.97118163941801
2025-03-26 14:40:17.330039,root,maaxboardosm93,blaze_tflite,0.004695299000019304,0.0022772760000009384,0.00807295200002045,0.00615564699998572,0.016103352000016002,0.0011834419999843249,0.024146213000022954,0.001145932000014227,0.005583078000000796,0.06936319100006472,14.416868451151087
2025-03-26 14:40:17.354360,root,maaxboardosm93,blaze_tflite,0.005592414000005874,0.002144782999977224,0.007950794999999289,0.004529753999975128,0.0,0.0,0.0,0.0,0.0,0.020217745999957515,49.46149783472902
2025-03-26 14:40:17.377419,root,maaxboardosm93,blaze_tflite,0.004646035000007487,0.0021055629999864323,0.007986762999991015,0.004501704999995582,0.0,0.0,0.0,0.0,0.0,0.019240065999980516,51.97487368291838
2025-03-26 14:40:17.450157,root,maaxboardosm93,blaze_tflite,0.004677835999984836,0.0020668859999943834,0.007835889000006091,0.0062034100000119,0.0159088830000087,0.000941169000014952,0.023806247000010217,0.0011318020000032902,0.0053831909999928484,0.06795531300002722,14.715552851615877
2025-03-26 14:40:17.500993,root,maaxboardosm93,blaze_tflite,0.004948408000018389,0.002184042999999747,0.007907782999978963,0.0054405809999877874,0.008531992000001765,0.00044116000000826716,0.012060977999993838,0.0005631930000049579,0.003084866999984115,0.04516300499997783,22.142016457950284
2025-03-26 14:40:17.553681,root,maaxboardosm93,blaze_tflite,0.005438788999981625,0.0032044410000082735,0.007869064000004755,0.005567364999990332,0.008480560999998943,0.0005074690000128612,0.011967411000000538,0.0005670269999882294,0.003008387999983597,0.046610514999969155,21.454386419044326
2025-03-26 14:40:17.632575,root,maaxboardosm93,blaze_tflite,0.004850672999992867,0.0032192369999961556,0.008220367000006945,0.006764477000018587,0.017681482000000415,0.0009865970000362267,0.024150755999983176,0.0012561279999943054,0.005604916999999432,0.07273463400002811,13.748608400223937
2025-03-26 14:40:17.684652,root,maaxboardosm93,blaze_tflite,0.007054095999990295,0.0021890440000049693,0.00782080100000826,0.005430994999983341,0.008317309000005935,0.00044591200000354547,0.011887389000008852,0.000583948000013379,0.0029338680000137174,0.046663362000032294,21.430088985000864
2025-03-26 14:40:17.737813,root,maaxboardosm93,blaze_tflite,0.005472173000015346,0.0031190429999981006,0.007847934000011492,0.005438539000010678,0.008482229000009056,0.0004992159999801515,0.012054183999993029,0.0005881569999814928,0.0030615279999892664,0.04656300299998861,21.4762780656618
2025-03-26 14:40:17.789623,root,maaxboardosm93,blaze_tflite,0.004939530999990893,0.002165746000002855,0.008018020999998043,0.00565026199998897,0.009827962999992224,0.00044853700001112884,0.012292705999982445,0.0007301530000063394,0.0030620699999985845,0.04713498899997148,21.21566210613956
2025-03-26 14:40:17.841968,root,maaxboardosm93,blaze_tflite,0.005473714999993717,0.0022317220000047655,0.008030523999991601,0.0071363269999835666,0.008855245000006562,0.000493131999974139,0.011998586000004252,0.000541894999997794,0.0029472470000087014,0.0477083929999651,20.960672475401374
2025-03-26 14:40:17.892997,root,maaxboardosm93,blaze_tflite,0.004839419999996153,0.002119649999997364,0.007891736999994237,0.005717989000004309,0.008895631000001458,0.0004502040000033958,0.01277279299998213,0.0005518980000260854,0.0030393549999985225,0.046278677000003654,21.60822358858532
2025-03-26 14:40:17.945485,root,maaxboardosm93,blaze_tflite,0.005555903999976408,0.0022736500000064552,0.00807149299998855,0.005641509999975369,0.008412209999988818,0.000488882000013291,0.012278495000003886,0.0006505080000067665,0.003219779000005474,0.04659243099996502,21.46271354677224
2025-03-26 14:40:18.022746,root,maaxboardosm93,blaze_tflite,0.0050673150000193345,0.0022677319999786505,0.007901030999988734,0.006210912000000235,0.019206891000010273,0.0009177039999883618,0.023961499000023423,0.0011112549999836574,0.005708362999996552,0.07235270199998922,13.821183899948187
2025-03-26 14:40:18.074677,root,maaxboardosm93,blaze_tflite,0.004851717000008193,0.0024107300000082432,0.007882821000009699,0.005465173000004597,0.010019725999995899,0.0005073019999883854,0.012192350000020724,0.0005691110000043409,0.003159888999988425,0.04705881900002851,21.250002045299823
2025-03-26 14:40:18.127674,root,maaxboardosm93,blaze_tflite,0.005076943999995365,0.00307398999999009,0.007924498999983598,0.005439666000000898,0.009548725000001923,0.0004597059999866815,0.012461631000007856,0.0005309760000216102,0.0030675299999813888,0.04758366699996941,21.015614454443853
2025-03-26 14:40:18.207877,root,maaxboardosm93,blaze_tflite,0.0055824959999881685,0.002174039999999877,0.008000476999995954,0.006104844000020648,0.018410058000000618,0.0009157869999967261,0.024109167999995407,0.0013327320000087184,0.00888896500001124,0.07551856700001736,13.241776687841153
2025-03-26 14:40:18.267959,root,maaxboardosm93,blaze_tflite,0.006457605999997895,0.0021434079999949063,0.011298318999990897,0.006180155999999215,0.012026556000023447,0.00044766200002754886,0.012055731000003789,0.0005602749999980006,0.003203608999996277,0.054373322000031976,18.39137215120702
2025-03-26 14:40:18.294593,root,maaxboardosm93,blaze_tflite,0.006463064999991275,0.00356070399999453,0.007974262000004728,0.0045815189999984796,0.0,0.0,0.0,0.0,0.0,0.022579549999989013,44.28786224705482
2025-03-26 14:40:18.343897,root,maaxboardosm93,blaze_tflite,0.0046949660000166205,0.002114024999997355,0.00870491599999923,0.0054452090000154385,0.007951630999997406,0.00045687299999030984,0.011860595000001695,0.0005864069999859112,0.0029300350000198705,0.044744657000023835,22.349037115190477
2025-03-26 14:40:18.394500,root,maaxboardosm93,blaze_tflite,0.005204353000010542,0.002394433000006302,0.008001770000021224,0.005660642000009375,0.007958923999979106,0.0005740299999956733,0.01259549999997489,0.0005646090000084314,0.002935787000012624,0.04589004800001817,21.791217128376157
2025-03-26 14:40:18.444664,root,maaxboardosm93,blaze_tflite,0.004860969000020532,0.0028851069999973333,0.008022732999990012,0.0054006969999989,0.00800456199999644,0.0005322259999900325,0.01212358099999733,0.0005438540000000103,0.0030189340000106313,0.04539266300000122,22.029991939445658
